orig_name,new_name,color,type,source,old_slug,new_slug,local_img
Bianco Lava,Bianco Vulcanico,white,marble,hmg,bianco-lava,bianco-vulcanico,images/0000_Bianco_Lava.jpg
Dimond White,Crystal Magnifico,white,marble,hmg,dimond-white,crystal-magnifico,images/0001_Dimond_White.jpg
Diamond white Shot Blast Finish,Arctic Imperiale,white,marble,hmg,diamond-white-shot-blast-finish,arctic-imperiale,images/0002_Diamond_white_Shot_Blast_Finish.jpg
White On White (WOW),Alpine Classico,white,marble,hmg,white-on-white-wow,alpine-classico,images/0003_White_On_White__WOW_.jpg
Alaska Snow Sea,Polar Niveo,white,marble,hmg,alaska-snow-sea,polar-niveo,images/0004_Alaska_Snow_Sea.jpg
Statuario SGR,Snow Statuario,white,marble,hmg,statuario-sgr,snow-statuario,images/0005_Statuario_SGR.jpg
Statuario 1 Areka Finish,Pearl Statuario,white,marble,hmg,statuario-1-areka-finish,pearl-statuario,images/0006_Statuario_1_Areka_Finish.jpg
Statuario 2,Neve Statuario,white,marble,hmg,statuario-2,neve-statuario,images/0007_Statuario_2.jpg
Statuario 3,Ghiaccio Statuario,white,marble,hmg,statuario-3,ghiaccio-statuario,images/0008_Statuario_3.jpg
Statuario 4,Lunare Statuario,white,marble,hmg,statuario-4,lunare-statuario,images/0009_Statuario_4.jpg
Bianco Iceberg,Bianco Puro,white,marble,hmg,bianco-iceberg,bianco-puro,images/0010_Bianco_Iceberg.jpg
Bianco Ajo Pelado,Crystal Sontuoso,white,marble,hmg,bianco-ajo-pelado,crystal-sontuoso,images/0011_Bianco_Ajo_Pelado.jpg
Calacatta Galena,Arctic Calacatta,white,marble,hmg,calacatta-galena,arctic-calacatta,images/0012_Calacatta_Galena.jpg
Foam White,Alpine Nobile,white,marble,hmg,foam-white,alpine-nobile,images/0013_Foam_White.jpg
Foam White 2,Polar Prezioso,white,marble,hmg,foam-white-2,polar-prezioso,images/0014_Foam_White_2.jpg
Whoopher Olar,Snow Venato,white,marble,hmg,whoopher-olar,snow-venato,images/0015_Whoopher_Olar.jpg
Luminous Cloud,Ash Nebuloso,grey,marble,hmg,luminous-cloud,ash-nebuloso,images/0016_Luminous_Cloud.jpg
Bianco Carrara,Sabbia Carrara,beige,marble,hmg,bianco-carrara,sabbia-carrara,images/0017_Bianco_Carrara.jpg
Thassos White,Ghiaccio Classico,white,marble,hmg,thassos-white,ghiaccio-classico,images/0018_Thassos_White.jpg
Artic white,Lunare Artico,white,marble,hmg,artic-white,lunare-artico,images/0019_Artic_white.jpg
Bianco Lasa,Avorio Elegante,cream,marble,hmg,bianco-lasa,avorio-elegante,images/0020_Bianco_Lasa.jpg
Bianco Monte Rosa,Ivory Brillante,cream,marble,hmg,bianco-monte-rosa,ivory-brillante,images/0021_Bianco_Monte_Rosa.jpg
Bianco Rhino,Vanilla Antico,cream,marble,hmg,bianco-rhino,vanilla-antico,images/0022_Bianco_Rhino.jpg
Breccia Capraia,Sahara Lustro,beige,marble,hmg,breccia-capraia,sahara-lustro,images/0023_Breccia_Capraia.png
Albino Arowana,Bisque Regale,beige,marble,hmg,albino-arowana,bisque-regale,images/0024_Albino_Arowana.jpg
Bianco Husky,Parchment Puro,cream,marble,hmg,bianco-husky,parchment-puro,images/0025_Bianco_Husky.jpg
Capraia Areka Finish,Pearl Sontuoso,white,marble,hmg,capraia-areka-finish,pearl-sontuoso,images/0026_Capraia_Areka_Finish.jpg
Oyster white,Sabbia Finissimo,beige,marble,hmg,oyster-white,sabbia-finissimo,images/0027_Oyster_white.jpg
White Heron,Avena Nobile,beige,marble,hmg,white-heron,avena-nobile,images/0028_White_Heron.jpg
Crema Luna,Candido Lunare,cream,marble,hmg,crema-luna,candido-lunare,images/0029_Crema_Luna.jpg
BTC Classico,Crema Classico,beige,marble,hmg,btc-classico,crema-classico,images/0030_BTC_Classico.jpg
Euro Stella,Sand Stellare,beige,marble,hmg,euro-stella,sand-stellare,images/0031_Euro_Stella.jpg
Mandorla,Dune Imperiale,beige,marble,hmg,mandorla,dune-imperiale,images/0032_Mandorla.jpg
Crema Barita,Sahara Crema,beige,marble,hmg,crema-barita,sahara-crema,images/0033_Crema_Barita.jpg
Italian Beige,Bisque Supremo,beige,marble,hmg,italian-beige,bisque-supremo,images/0034_Italian_Beige.jpg
Crema Eve,Parchment Crema,cream,marble,hmg,crema-eve,parchment-crema,images/0035_Crema_Eve.jpg
Crema Eve Areka Finish,Almond Crema,cream,marble,hmg,crema-eve-areka-finish,almond-crema,images/0036_Crema_Eve_Areka_Finish.jpg
Image Stone,Sabbia Antico,beige,marble,hmg,image-stone,sabbia-antico,images/0037_Image_Stone.jpg
Indus Cream,Avena Crema,beige,marble,hmg,indus-cream,avena-crema,images/0038_Indus_Cream.jpg
Mond Areka Finish,Paglia Regale,beige,marble,hmg,mond-areka-finish,paglia-regale,images/0039_Mond_Areka_Finish.jpg
Mond,Crema Puro,beige,marble,hmg,mond,crema-puro,images/0040_Mond.jpg
BTC,Ivory Sontuoso,cream,marble,hmg,btc,ivory-sontuoso,images/0041_BTC.jpg
Whooper Olar,Jade Finissimo,green,marble,hmg,whooper-olar,jade-finissimo,images/0042_Whooper_Olar.jpg
Millefoglie,Smoke Nebuloso,grey,marble,hmg,millefoglie,smoke-nebuloso,images/0043_Millefoglie.jpg
Green Tortoise,Sage Prezioso,green,marble,hmg,green-tortoise,sage-prezioso,images/0044_Green_Tortoise.jpg
Ringtail Possum,Fern Venato,green,marble,hmg,ringtail-possum,fern-venato,images/0045_Ringtail_Possum.jpg
San Pedro,Malachite Magnifico,green,marble,hmg,san-pedro,malachite-magnifico,images/0046_San_Pedro.jpg
Lavamar,Pietra Vulcanico,grey,marble,hmg,lavamar,pietra-vulcanico,images/0047_Lavamar.jpg
Gun Metal Super Extra,Mandorla Supremo,cream,marble,hmg,gun-metal-super-extra,mandorla-supremo,images/0048_Gun_Metal_Super_Extra.jpg
Grego Pozzolana,Candido Supremo,cream,marble,hmg,grego-pozzolana,candido-supremo,images/0049_Grego_Pozzolana.jpg
Frill Back Light,Grigio Elegante,grey,marble,hmg,frill-back-light,grigio-elegante,images/0050_Frill_Back_Light.jpg
Bianco Nebbia,Storm Brillante,grey,marble,hmg,bianco-nebbia,storm-brillante,images/0051_Bianco_Nebbia.jpg
Gun Metal SE,Parchment Elegante,cream,marble,hmg,gun-metal-se,parchment-elegante,images/0052_Gun_Metal_SE.jpg
Lar grey Areka Finish,Smoke Lustro,grey,marble,hmg,lar-grey-areka-finish,smoke-lustro,images/0053_Lar_grey_Areka_Finish.jpg
Couger,Teak Regale,brown,marble,hmg,couger,teak-regale,images/0054_Couger.jpg
Marlin,Mirror Puro,silver,marble,hmg,marlin,mirror-puro,images/0055_Marlin.jpg
Silver Root,Bronze Argento,brown,marble,hmg,silver-root,bronze-argento,images/0056_Silver_Root.jpg
Gregio Pozzolano,Noce Finissimo,brown,marble,hmg,gregio-pozzolano,noce-finissimo,images/0057_Gregio_Pozzolano.jpg
Grigio Aurora,Mogano Aurora,brown,marble,hmg,grigio-aurora,mogano-aurora,images/0058_Grigio_Aurora.jpg
Crystal Light,Castagno Cristallo,brown,marble,hmg,crystal-light,castagno-cristallo,images/0059_Crystal_Light.jpg
Light Emperador Brown,Marrone Imperiale,brown,marble,hmg,light-emperador-brown,marrone-imperiale,images/0060_Light_Emperador_Brown.jpg
Dark Emperador,Walnut Imperiale,brown,marble,hmg,dark-emperador,walnut-imperiale,images/0061_Dark_Emperador.jpg
Marron Ketupa,Mocha Imperiale,brown,marble,hmg,marron-ketupa,mocha-imperiale,images/0062_Marron_Ketupa.jpg
Bronze Amani (ARK),Espresso Bronzato,brown,marble,hmg,bronze-amani-ark,espresso-bronzato,images/0063_Bronze_Amani__ARK_.jpg
Black Diamond,Carbon Supremo,black,marble,hmg,black-diamond,carbon-supremo,images/0064_Black_Diamond.jpg
Panda White,Shadow Elegante,black,marble,hmg,panda-white,shadow-elegante,images/0065_Panda_White.jpg
Gregio Picaso,Notturno Brillante,black,marble,hmg,gregio-picaso,notturno-brillante,images/0066_Gregio_Picaso.jpg
Silver Cloud,Ebano Argento,black,marble,hmg,silver-cloud,ebano-argento,images/0067_Silver_Cloud.jpg
Nero St Laurent,Oscuro Lustro,black,marble,hmg,nero-st-laurent,oscuro-lustro,images/0068_Nero_St_Laurent.jpg
Belgium Black,Abisso Regale,black,marble,hmg,belgium-black,abisso-regale,images/0069_Belgium_Black.jpg
Mildew Algae,Verde Puro,green,marble,hmg,mildew-algae,verde-puro,images/0070_Mildew_Algae.jpg
Silver Grey,Storm Argento,grey,granite,hmg,silver-grey,storm-argento,images/0071_Silver_Grey.jpg
Cotton White,Slate Tableland,grey,granite,hmg,cotton-white,slate-tableland,images/0072_Cotton_White.jpg
ALP,Smoke Escarp,grey,granite,hmg,alp,smoke-escarp,images/0073_ALP.jpg
Butter Fruit,Steel Fastness,grey,granite,hmg,butter-fruit,steel-fastness,images/0074_Butter_Fruit.jpg
Lemon Ice,Silver Peak,grey,granite,hmg,lemon-ice,silver-peak,images/0075_Lemon_Ice.jpg
White Petal,Ash Ridge,grey,granite,hmg,white-petal,ash-ridge,images/0076_White_Petal.jpg
Newton Gold,Pietra Dorato,grey,granite,hmg,newton-gold,pietra-dorato,images/0077_Newton_Gold.jpg
Dry Leap,Mandorla Mountain,cream,granite,hmg,dry-leap,mandorla-mountain,images/0078_Dry_Leap.jpg
Golden Eagle,Fiamma Highland,red,granite,hmg,golden-eagle,fiamma-highland,images/0079_Golden_Eagle.jpg
Pigeon Eye,Rosso Boulder,red,granite,hmg,pigeon-eye,rosso-boulder,images/0080_Pigeon_Eye.jpg
Colombo Juprana,Walnut Massif,brown,granite,hmg,colombo-juprana,walnut-massif,images/0081_Colombo_Juprana.jpg
Antarctic Wild Forest,Slate Selvatico,grey,granite,hmg,antarctic-wild-forest,slate-selvatico,images/0082_Antarctic_Wild_Forest.jpg
Monarch Butter Flies,Forest Pinnacle,green,granite,hmg,monarch-butter-flies,forest-pinnacle,images/0083_Monarch_Butter_Flies.jpg
Coasta Esmarald,Sage Crest,green,granite,hmg,coasta-esmarald,sage-crest,images/0084_Coasta_Esmarald.jpg
Copenhagen,Saffron Upland,gold,granite,hmg,copenhagen,saffron-upland,images/0085_Copenhagen.jpg
Igneous Gold,Bronze Dorato,brown,granite,hmg,igneous-gold,bronze-dorato,images/0086_Igneous_Gold.jpg
Tigrato,Acciaio Tableland,silver,granite,hmg,tigrato,acciaio-tableland,images/0087_Tigrato.jpg
Crystal Yellow,Ardesia Cristallo,grey,granite,hmg,crystal-yellow,ardesia-cristallo,images/0088_Crystal_Yellow.jpg
Brass Blue,Giada Fastness,green,granite,hmg,brass-blue,giada-fastness,images/0089_Brass_Blue.jpg
Blue Star,Verde Stellare,green,granite,hmg,blue-star,verde-stellare,images/0090_Blue_Star.jpg
Nero Foxtail 2,Midnight Ridge,black,granite,hmg,nero-foxtail-2,midnight-ridge,images/0091_Nero_Foxtail_2.jpg
Nero Foxtail,Obsidian Summit,black,granite,hmg,nero-foxtail,obsidian-summit,images/0092_Nero_Foxtail.jpg
Titanium Gold,Eclipse Dorato,black,granite,hmg,titanium-gold,eclipse-dorato,images/0093_Titanium_Gold.jpg
Cizglex,Carbon Highland,black,granite,hmg,cizglex,carbon-highland,images/0094_Cizglex.jpg
Cizglex Hydro Finish,Shadow Boulder,black,granite,hmg,cizglex-hydro-finish,shadow-boulder,images/0095_Cizglex_Hydro_Finish.jpg
Diamon Cut,Pearl Translux,white,onyx,hmg,diamon-cut,pearl-translux,images/0096_Diamon_Cut.jpg
Adamas,Neve Aurora,white,onyx,hmg,adamas,neve-aurora,images/0097_Adamas.jpg
Adamas 1,Ghiaccio Opal,white,onyx,hmg,adamas-1,ghiaccio-opal,images/0098_Adamas_1.jpg
Bianco Allium Cepa,Lunare Nimbus,white,onyx,hmg,bianco-allium-cepa,lunare-nimbus,images/0099_Bianco_Allium_Cepa.jpg
Frozen Sea,Bianco Oceano,white,onyx,hmg,frozen-sea,bianco-oceano,images/0100_Frozen_Sea.jpg
Yellow River,Crystal Fluviale,white,onyx,hmg,yellow-river,crystal-fluviale,images/0101_Yellow_River.jpg
Bianco Lupine,Mocha Radiant,brown,onyx,hmg,bianco-lupine,mocha-radiant,images/0102_Bianco_Lupine.jpg
Bianco Hellebore,Alpine Vivid,white,onyx,hmg,bianco-hellebore,alpine-vivid,images/0103_Bianco_Hellebore.jpg
Aurum,Teak Luminoso,brown,onyx,hmg,aurum,teak-luminoso,images/0104_Aurum.jpg
Crested 1,Chestnut Incanto,brown,onyx,hmg,crested-1,chestnut-incanto,images/0105_Crested_1.jpg
Agouti,Bronze Translux,brown,onyx,hmg,agouti,bronze-translux,images/0106_Agouti.jpg
Yellow River 1,Noce Fluviale,brown,onyx,hmg,yellow-river-1,noce-fluviale,images/0107_Yellow_River_1.jpg
Bassent VC,Mogano Opal,brown,onyx,hmg,bassent-vc,mogano-opal,images/0108_Bassent_VC.jpg
Arco Baleno 2,Castagno Nimbus,brown,onyx,hmg,arco-baleno-2,castagno-nimbus,images/0109_Arco_Baleno_2.jpg
Horn Wiper,Marrone Iridato,brown,onyx,hmg,horn-wiper,marrone-iridato,images/0110_Horn_Wiper.jpg
Golden Adams,Walnut Splendore,brown,onyx,hmg,golden-adams,walnut-splendore,images/0111_Golden_Adams.jpg
Crested 2,Mocha Bagliore,brown,onyx,hmg,crested-2,mocha-bagliore,images/0112_Crested_2.jpg
Aventurine,Espresso Fiamma,brown,onyx,hmg,aventurine,espresso-fiamma,images/0113_Aventurine.jpg
Ambigonite,Sage Candore,green,onyx,hmg,ambigonite,sage-candore,images/0114_Ambigonite.jpg
Azul Aurum,Mirror Opalino,silver,onyx,hmg,azul-aurum,mirror-opalino,images/0115_Azul_Aurum.jpg
Bleu Dore,Malachite Glow,green,onyx,hmg,bleu-dore,malachite-glow,images/0116_Bleu_Dore.jpg
Verde Tettigonia,Smeraldo Radiant,green,onyx,hmg,verde-tettigonia,smeraldo-radiant,images/0117_Verde_Tettigonia.jpg
Fluorite,Bosco Vivid,green,onyx,hmg,fluorite,bosco-vivid,images/0118_Fluorite.jpg
Misty Rose,Giada Nebuloso,green,onyx,hmg,misty-rose,giada-nebuloso,images/0119_Misty_Rose.jpg
Fuego Narange,Verde Incanto,green,onyx,hmg,fuego-narange,verde-incanto,images/0120_Fuego_Narange.jpg
Miyazaki,Emerald Translux,green,onyx,hmg,miyazaki,emerald-translux,images/0121_Miyazaki.jpg
Maroon Tree Rainbow,Jade Pluviale,green,onyx,hmg,maroon-tree-rainbow,jade-pluviale,images/0122_Maroon_Tree_Rainbow.jpg
Brown Sugar,Amber Opal,gold,onyx,hmg,brown-sugar,amber-opal,images/0123_Brown_Sugar.jpg
Bone,Linen Strata,cream,travertine,hmg,bone,linen-strata,images/0124_Bone.jpg
Cream,Mandorla Crema,cream,travertine,hmg,cream,mandorla-crema,images/0125_Cream.jpg
Romano Classic Silver,Almond Argento,cream,travertine,hmg,romano-classic-silver,almond-argento,images/0126_Romano_Classic_Silver.jpg
Crema Fabulous,Burro Crema,cream,travertine,hmg,crema-fabulous,burro-crema,images/0127_Crema_Fabulous.jpg
Bianco Bone,Mandorla Classico,cream,travertine,hmg,bianco-bone,mandorla-classico,images/0128_Bianco_Bone.jpg
St Andrea,Candido Imperiale,cream,travertine,hmg,st-andrea,candido-imperiale,images/0129_St_Andrea.jpg
Dark Silver,Avorio Argento,cream,travertine,hmg,dark-silver,avorio-argento,images/0130_Dark_Silver.jpg
Beige,Ivory Antiqua,cream,travertine,hmg,beige,ivory-antiqua,images/0131_Beige.jpg
Silver Cork,Vanilla Argento,cream,travertine,hmg,silver-cork,vanilla-argento,images/0132_Silver_Cork.jpg
Grey Silver,Champagne Argento,cream,travertine,hmg,grey-silver,champagne-argento,images/0133_Grey_Silver.jpg
Grey,Linen Rustico,cream,travertine,hmg,grey,linen-rustico,images/0134_Grey.jpg
Trionyx,Chestnut Opalino,brown,travertine,hmg,trionyx,chestnut-opalino,images/0135_Trionyx.jpg
Silver Dark,Castagno Argento,brown,travertine,hmg,silver-dark,castagno-argento,images/0136_Silver_Dark.jpg
Marrone Zucchero,Noce Colosseum,brown,travertine,hmg,marrone-zucchero,noce-colosseum,images/0137_Marrone_Zucchero.jpg
Silver Dark,Mogano Argento,brown,travertine,hmg,silver-dark,mogano-argento,images/0138_Silver_Dark.jpg
Cork,Castagno Strata,brown,travertine,hmg,cork,castagno-strata,images/0139_Cork.jpg
Kona Gold 1,Marrone Dorato,brown,travertine,hmg,kona-gold-1,marrone-dorato,images/0140_Kona_Gold_1.jpg
Kona Gold 2,Walnut Dorato,brown,travertine,hmg,kona-gold-2,walnut-dorato,images/0141_Kona_Gold_2.jpg
Noche,Mocha Storico,brown,travertine,hmg,noche,mocha-storico,images/0142_Noche.jpg
Rapalano Iron,Espresso Classico,brown,travertine,hmg,rapalano-iron,espresso-classico,images/0143_Rapalano_Iron.jpg
Copper,Teak Bronzato,brown,travertine,hmg,copper,teak-bronzato,images/0144_Copper.jpg
Saint Andriao,Chestnut Romano,brown,travertine,hmg,saint-andriao,chestnut-romano,images/0145_Saint_Andriao.jpg
Titanium,Bronze Antiqua,brown,travertine,hmg,titanium,bronze-antiqua,images/0146_Titanium.jpg
Yellow,Aureo Heritage,yellow,travertine,hmg,yellow,aureo-heritage,images/0147_Yellow.jpg
Bronze Zuccaria,Mogano Bronzato,brown,shellstone,hmg,bronze-zuccaria,mogano-bronzato,images/0148_Bronze_Zuccaria.jpg
Brown fossil,Castagno Fossile,brown,shellstone,hmg,brown-fossil,castagno-fossile,images/0149_Brown_fossil.jpg
Bronze Zuccaria Areka Finish,Marrone Bronzato,brown,shellstone,hmg,bronze-zuccaria-areka-finish,marrone-bronzato,images/0150_Bronze_Zuccaria_Areka_Finish.jpg
Bronze Zuccaria,Walnut Bronzato,brown,shellstone,hmg,bronze-zuccaria,walnut-bronzato,images/0151_Bronze_Zuccaria.jpg
Mint Hydro Finish,Arctic Basin,white,sandstone,hmg,mint-hydro-finish,arctic-basin,images/0152_Mint_Hydro_Finish.jpg
Mint Ribbed Finish,Alpine Plateau,white,sandstone,hmg,mint-ribbed-finish,alpine-plateau,images/0153_Mint_Ribbed_Finish.jpg
Mint Scratch Finish,Polar Arroya,white,sandstone,hmg,mint-scratch-finish,polar-arroya,images/0154_Mint_Scratch_Finish.jpg
Mint Cypress Finish,Snow Steppe,white,sandstone,hmg,mint-cypress-finish,snow-steppe,images/0155_Mint_Cypress_Finish.jpg
Mint Hydro With Cypress Finish,Pearl Badlands,white,sandstone,hmg,mint-hydro-with-cypress-finish,pearl-badlands,images/0156_Mint_Hydro_With_Cypress_Finish.jpg
Mint Areka Finish,Neve Savanna,white,sandstone,hmg,mint-areka-finish,neve-savanna,images/0157_Mint_Areka_Finish.jpg
Algerian Gold,Mogano Dorato,brown,sandstone,hmg,algerian-gold,mogano-dorato,images/0158_Algerian_Gold.jpg
Teakwood Cypress Finish,Castagno Mogano,brown,sandstone,hmg,teakwood-cypress-finish,castagno-mogano,images/0159_Teakwood_Cypress_Finish.jpg
Rainbow Teak Aqua Jet Finish,Marrone Pluviale,brown,sandstone,hmg,rainbow-teak-aqua-jet-finish,marrone-pluviale,images/0160_Rainbow_Teak_Aqua_Jet_Finish.jpg
Teak Wood Aqua Jet Finish,Walnut Mogano,brown,sandstone,hmg,teak-wood-aqua-jet-finish,walnut-mogano,images/0161_Teak_Wood_Aqua_Jet_Finish.jpg
Teakwood Baby Bamboo Finish,Mocha Bambuseto,brown,sandstone,hmg,teakwood-baby-bamboo-finish,mocha-bambuseto,images/0162_Teakwood_Baby_Bamboo_Finish.jpg
Teakwood Combo Finish,Espresso Mogano,brown,sandstone,hmg,teakwood-combo-finish,espresso-mogano,images/0163_Teakwood_Combo_Finish.jpg
Rainbow Teak Cypess Finish,Teak Pluviale,brown,sandstone,hmg,rainbow-teak-cypess-finish,teak-pluviale,images/0164_Rainbow_Teak_Cypess_Finish.jpg
Teakwood Cypress Finish,Chestnut Mogano,brown,sandstone,hmg,teakwood-cypress-finish,chestnut-mogano,images/0165_Teakwood_Cypress_Finish.jpg
Teakwood Ribbon Finish,Bronze Mogano,brown,sandstone,hmg,teakwood-ribbon-finish,bronze-mogano,images/0166_Teakwood_Ribbon_Finish.jpg
Teakwood Ribbon Finish 2,Noce Mogano,brown,sandstone,hmg,teakwood-ribbon-finish-2,noce-mogano,images/0167_Teakwood_Ribbon_Finish_2.jpg
Rainbow Teak Scratch Finish,Mogano Pluviale,brown,sandstone,hmg,rainbow-teak-scratch-finish,mogano-pluviale,images/0168_Rainbow_Teak_Scratch_Finish.jpg
Teakwood Scratch Finish,Mocha Mogano,brown,sandstone,hmg,teakwood-scratch-finish,mocha-mogano,images/0169_Teakwood_Scratch_Finish.jpg
Teakwood Scratch Roller Finish,Marrone Mogano,brown,sandstone,hmg,teakwood-scratch-roller-finish,marrone-mogano,images/0170_Teakwood_Scratch_Roller_Finish.jpg
Rainbow Teak Scratch Roller Finish,Walnut Pluviale,brown,sandstone,hmg,rainbow-teak-scratch-roller-finish,walnut-pluviale,images/0171_Rainbow_Teak_Scratch_Roller_Finish.jpg
Teakwood Liner Finish,Mogano Mogano,brown,sandstone,hmg,teakwood-liner-finish,mogano-mogano,images/0172_Teakwood_Liner_Finish.jpg
French,Smoke Marina,grey,limestone,hmg,french,smoke-marina,images/0173_French.jpg
NS,Steel Faro,grey,limestone,hmg,ns,steel-faro,images/0174_NS.jpg
Classic,Silver Classico,grey,limestone,hmg,classic,silver-classico,images/0175_Classic.jpg
French Hond Finish,Ash Shoreline,grey,limestone,hmg,french-hond-finish,ash-shoreline,images/0176_French_Hond_Finish.jpg
Leo Mocca Areka Finish,Pietra Clifftop,grey,limestone,hmg,leo-mocca-areka-finish,pietra-clifftop,images/0177_Leo_Mocca_Areka_Finish.jpg
Sunny,Mandorla Solare,cream,limestone,hmg,sunny,mandorla-solare,images/0178_Sunny.jpg
Sunny - Areka Finish,Candido Solare,cream,limestone,hmg,sunny---areka-finish,candido-solare,images/0179_Sunny_-_Areka_Finish.jpg
Sunny Shot Blast Finish,Avorio Solare,cream,limestone,hmg,sunny-shot-blast-finish,avorio-solare,images/0180_Sunny_Shot_Blast_Finish.jpg
Sand Beige,Ivory Sediment,cream,limestone,hmg,sand-beige,ivory-sediment,images/0181_Sand_Beige.jpg
Sand Beige Shot Blast Finish,Vanilla Stratum,cream,limestone,hmg,sand-beige-shot-blast-finish,vanilla-stratum,images/0182_Sand_Beige_Shot_Blast_Finish.jpg
Portugal,Champagne Laguna,cream,limestone,hmg,portugal,champagne-laguna,images/0183_Portugal.jpg
Portugal Shot Blast Finish,Linen Reef,cream,limestone,hmg,portugal-shot-blast-finish,linen-reef,images/0184_Portugal_Shot_Blast_Finish.jpg
Rockefeller Emerald,Fern Smeraldo,green,quartzite,hmg,rockefeller-emerald,fern-smeraldo,images/0185_Rockefeller_Emerald.jpg
Alpinus,Ash Fulgente,grey,quartzite,hmg,alpinus,ash-fulgente,images/0186_Alpinus.jpg
Columbian Emerald,Noce Smeraldo,brown,quartzite,hmg,columbian-emerald,noce-smeraldo,images/0187_Columbian_Emerald.jpg
Vitreum,Bosco Nitido,green,quartzite,hmg,vitreum,bosco-nitido,images/0188_Vitreum.jpg
Bacauraojo,Oro Scintilla,gold,quartzite,hmg,bacauraojo,oro-scintilla,images/0189_Bacauraojo.jpg
Cattle Egret,Dorato Cristallo,gold,quartzite,hmg,cattle-egret,dorato-cristallo,images/0190_Cattle_Egret.jpg
Kardia,Crimson Gem,red,quartzite,hmg,kardia,crimson-gem,images/0191_Kardia.jpg
Golden Alba,Honey Prisma,gold,quartzite,hmg,golden-alba,honey-prisma,images/0192_Golden_Alba.jpg
Summer Tanager,Garnet Vein,red,quartzite,hmg,summer-tanager,garnet-vein,images/0193_Summer_Tanager.jpg
Pied Kingfisher,Teak Fusion,brown,quartzite,hmg,pied-kingfisher,teak-fusion,images/0194_Pied_Kingfisher.jpg
Bianco Corella,Zolfo Sparkle,yellow,quartzite,hmg,bianco-corella,zolfo-sparkle,images/0195_Bianco_Corella.jpg
Blu Tramonto,Solar Tramonto,gold,quartzite,hmg,blu-tramonto,solar-tramonto,images/0196_Blu_Tramonto.jpg
Kiwano,Aurum Facet,gold,quartzite,hmg,kiwano,aurum-facet,images/0197_Kiwano.jpg
Blu Tramonto,Miele Tramonto,gold,quartzite,hmg,blu-tramonto,miele-tramonto,images/0198_Blu_Tramonto.jpg
Panthera Pardus,Grano Maculato,yellow,quartzite,hmg,panthera-pardus,grano-maculato,images/0199_Panthera_Pardus.jpg
Polar Ice Berg,Grigio Cristallo,grey,quartzite,hmg,polar-ice-berg,grigio-cristallo,images/0200_Polar_Ice_Berg.jpg
Azul Bahia,Storm Gem,grey,quartzite,hmg,azul-bahia,storm-gem,images/0201_Azul_Bahia.jpg
Bleu Damesfly,Aegean Prisma,blue,quartzite,hmg,bleu-damesfly,aegean-prisma,images/0202_Bleu_Damesfly.jpg
Soda Light,Pacific Vein,blue,quartzite,hmg,soda-light,pacific-vein,images/0203_Soda_Light.jpg
Soda Light 2,Cobalt Fusion,blue,quartzite,hmg,soda-light-2,cobalt-fusion,images/0204_Soda_Light_2.jpg
Fusion,Saffron Sparkle,gold,quartzite,hmg,fusion,saffron-sparkle,images/0205_Fusion.jpg
Giada Super Exotica,Malachite Esotico,green,quartzite,hmg,giada-super-exotica,malachite-esotico,images/0206_Giada_Super_Exotica.jpg
Verde Scapularis,Smeraldo Facet,green,quartzite,hmg,verde-scapularis,smeraldo-facet,images/0207_Verde_Scapularis.jpg
Verde Lapponia,Bosco Radiant,green,quartzite,hmg,verde-lapponia,bosco-radiant,images/0208_Verde_Lapponia.jpg
Golden Botanica,Giada Lumina,green,quartzite,hmg,golden-botanica,giada-lumina,images/0209_Golden_Botanica.jpg
Botanica,Verde Brillante,green,quartzite,hmg,botanica,verde-brillante,images/0210_Botanica.jpg
Treron,Emerald Fulgente,green,quartzite,hmg,treron,emerald-fulgente,images/0211_Treron.jpg
Oleander Hawk,Jade Risplendente,green,quartzite,hmg,oleander-hawk,jade-risplendente,images/0212_Oleander_Hawk.jpg
Verde Lapponia,Forest Nitido,green,quartzite,hmg,verde-lapponia,forest-nitido,images/0213_Verde_Lapponia.jpg
Verde Murina,Sage Scintilla,green,quartzite,hmg,verde-murina,sage-scintilla,images/0214_Verde_Murina.jpg
Colacasia,Fern Cristallo,green,quartzite,hmg,colacasia,fern-cristallo,images/0215_Colacasia.jpg
Ferro Corroso,Bronze Gem,brown,quartzite,hmg,ferro-corroso,bronze-gem,images/0216_Ferro_Corroso.jpg
Badger,Pietra Prisma,grey,quartzite,hmg,badger,pietra-prisma,images/0217_Badger.jpg
Badger 2,Mogano Vein,brown,quartzite,hmg,badger-2,mogano-vein,images/0218_Badger_2.jpg
Legno Arco Baleno,Oro Fusion,gold,quartzite,hmg,legno-arco-baleno,oro-fusion,images/0219_Legno_Arco_Baleno.jpg
Magma Gold,Dorato Dorato,gold,quartzite,hmg,magma-gold,dorato-dorato,images/0220_Magma_Gold.jpg
Marron Checkerspot,Golden Glimmer,gold,quartzite,hmg,marron-checkerspot,golden-glimmer,images/0221_Marron_Checkerspot.jpg
Mauna Lao,Honey Facet,gold,quartzite,hmg,mauna-lao,honey-facet,images/0222_Mauna_Lao.jpg
Nero Swan,Smoke Radiant,grey,quartzite,hmg,nero-swan,smoke-radiant,images/0223_Nero_Swan.jpg
Albino Betta Dolomite,Linen Snowfield,cream,dolomite,hmg,albino-betta-dolomite,linen-snowfield,images/0224_Albino_Betta_Dolomite.jpg
Dove White Dolomite,Snow Serac,white,dolomite,hmg,dove-white-dolomite,snow-serac,images/0225_Dove_White_Dolomite.jpg
Jasmine Dolomite,Solare Ghiaccio,yellow,dolomite,hmg,jasmine-dolomite,solare-ghiaccio,images/0226_Jasmine_Dolomite.jpg
White on White Lavabo,Antico Vulcanico,unknown,unknown,hmg,white-on-white-lavabo,antico-vulcanico,images/0227_White_on_White_Lavabo.jpg
Aspro European Cut,Heritage Pregiato,unknown,unknown,hmg,aspro-european-cut,heritage-pregiato,images/0228_Aspro_European_Cut.jpg
Aspro Lavabo Extra,Grand Vulcanico,unknown,unknown,hmg,aspro-lavabo-extra,grand-vulcanico,images/0229_Aspro_Lavabo_Extra.jpg
Aspro Trumpeter Lavabo,Lusso Vulcanico,unknown,unknown,hmg,aspro-trumpeter-lavabo,lusso-vulcanico,images/0230_Aspro_Trumpeter_Lavabo.jpg
Catamaran,Elegante Nobile,unknown,unknown,hmg,catamaran,elegante-nobile,images/0231_Catamaran.jpg
Indus Lava,Imperial Vulcanico,unknown,unknown,hmg,indus-lava,imperial-vulcanico,images/0232_Indus_Lava.jpg
Bez Lavabo,Nobile Vulcanico,unknown,unknown,hmg,bez-lavabo,nobile-vulcanico,images/0233_Bez_Lavabo.jpg
Bez Lavabo,Regio Vulcanico,unknown,unknown,hmg,bez-lavabo,regio-vulcanico,images/0234_Bez_Lavabo.jpg
Brown Shrike Lavabo,Classic Vulcanico,unknown,unknown,hmg,brown-shrike-lavabo,classic-vulcanico,images/0235_Brown_Shrike_Lavabo.jpg
Foglia Secca Lavabo,Prestige Nebuloso,unknown,unknown,hmg,foglia-secca-lavabo,prestige-nebuloso,images/0236_Foglia_Secca_Lavabo.jpg
Inchiastro Lavabo,Prestige Vulcanico,unknown,unknown,hmg,inchiastro-lavabo,prestige-vulcanico,images/0237_Inchiastro_Lavabo.jpg
Diaspro Lavabo,Heritage Vulcanico,unknown,unknown,hmg,diaspro-lavabo,heritage-vulcanico,images/0238_Diaspro_Lavabo.jpg
Golden Ocra Round,Grand Heritage,unknown,unknown,hmg,golden-ocra-round,grand-heritage,images/0239_Golden_Ocra_Round.jpg
Giallo Lavabo,Elegante Vulcanico,unknown,unknown,hmg,giallo-lavabo,elegante-vulcanico,images/0240_Giallo_Lavabo.jpg
Brown Sugar Onyx Lavabo,Elegante Opalino,unknown,unknown,hmg,brown-sugar-onyx-lavabo,elegante-opalino,images/0241_Brown_Sugar_Onyx_Lavabo.jpg
Golden Ocra Oval,Imperial Esclusivo,unknown,unknown,hmg,golden-ocra-oval,imperial-esclusivo,images/0242_Golden_Ocra_Oval.jpg
Golden Rain Forest Lavabo,Nobile Selvatico,unknown,unknown,hmg,golden-rain-forest-lavabo,nobile-selvatico,images/0243_Golden_Rain_Forest_Lavabo.jpg
Nero Sea Bass Lavabo,Regio Oceano,unknown,unknown,hmg,nero-sea-bass-lavabo,regio-oceano,images/0244_Nero_Sea_Bass_Lavabo.jpg
Coloumbian Noir II,Classic Lusso,unknown,unknown,hmg,coloumbian-noir-ii,classic-lusso,images/0245_Coloumbian_Noir_II.jpg
Aspro Diamond Cylindro,Prestige Nobile,unknown,unknown,hmg,aspro-diamond-cylindro,prestige-nobile,images/0246_Aspro_Diamond_Cylindro.jpg
Creme Brulee Cylindro,Antico Prestige,unknown,unknown,hmg,creme-brulee-cylindro,antico-prestige,images/0247_Creme_Brulee_Cylindro.jpg
Creme Brulee Cylindro,Heritage Grand,unknown,unknown,hmg,creme-brulee-cylindro,heritage-grand,images/0248_Creme_Brulee_Cylindro.jpg
Mildew Algae,Grand Elite,unknown,unknown,hmg,mildew-algae,grand-elite,images/0249_Mildew_Algae.jpg
Verde Antique Lavabo,Lusso Vulcanico II,unknown,unknown,hmg,verde-antique-lavabo,lusso-vulcanico-ii,images/0250_Verde_Antique_Lavabo.jpg
Amarone Lavabo Dark,Elegante Vulcanico II,unknown,unknown,hmg,amarone-lavabo-dark,elegante-vulcanico-ii,images/0251_Amarone_Lavabo_Dark.jpg
Aspro Ocra,Imperial Regal,unknown,unknown,hmg,aspro-ocra,imperial-regal,images/0252_Aspro_Ocra.jpg
Hydro Finish,Nobile Artisan,unknown,unknown,hmg,hydro-finish,nobile-artisan,images/0253_Hydro_Finish.jpg
Ribbed Finish,Regio Heritage,unknown,unknown,hmg,ribbed-finish,regio-heritage,images/0254_Ribbed_Finish.jpg
Cypress Finish,Classic Raffinato,unknown,unknown,hmg,cypress-finish,classic-raffinato,images/0255_Cypress_Finish.jpg
Hydro with Cypress Finish,Prestige Distinto,unknown,unknown,hmg,hydro-with-cypress-finish,prestige-distinto,images/0256_Hydro_with_Cypress_Finish.jpg
Areka Finish,Antico Esclusivo,unknown,unknown,hmg,areka-finish,antico-esclusivo,images/0257_Areka_Finish.jpg
Aqua Jet Finish,Elegante Distinto,unknown,unknown,hmg,aqua-jet-finish,elegante-distinto,images/0258_Aqua_Jet_Finish.jpg
Baby Bamboo Finish,Grand Bambuseto,unknown,unknown,hmg,baby-bamboo-finish,grand-bambuseto,images/0259_Baby_Bamboo_Finish.jpg
Combo Finish,Lusso Lusso,unknown,unknown,hmg,combo-finish,lusso-lusso,images/0260_Combo_Finish.jpg
Ribbon Finish,Regio Eccellente,unknown,unknown,hmg,ribbon-finish,regio-eccellente,images/0261_Ribbon_Finish.jpg
Scratch Finish,Imperial Prestige,unknown,unknown,hmg,scratch-finish,imperial-prestige,images/0262_Scratch_Finish.jpg
Scratch Roller Finish,Nobile Grand,unknown,unknown,hmg,scratch-roller-finish,nobile-grand,images/0263_Scratch_Roller_Finish.jpg
Liner Finish,Regio Elite,unknown,unknown,hmg,liner-finish,regio-elite,images/0264_Liner_Finish.jpg
BLACK BEAUTY,Oscuro Mountain,black,granite,marmo,black-beauty,oscuro-mountain,
LOTUS BEIGE,Cashmere Brillante,beige,marble,marmo,lotus-beige,cashmere-brillante,
ARABESCATO BLACK,Ebano Arabescato,black,marble,marmo,arabescato-black,ebano-arabescato,
DARK EMPERADOR,Mogano Imperiale,brown,marble,marmo,dark-emperador,mogano-imperiale,
EMERALD GREEN ONYX TRAVERTINE,Giada Opalino,green,onyx,marmo,emerald-green-onyx-travertine,giada-opalino,
CALACATTA PANAOZOO (II),Bianco Calacatta,white,marble,marmo,calacatta-panaozoo-ii,bianco-calacatta,
CALACATTA PANAOZOO (I),Crystal Calacatta,white,marble,marmo,calacatta-panaozoo-i,crystal-calacatta,
CALACATTA MONET,Snow Calacatta,white,marble,marmo,calacatta-monet,snow-calacatta,
AJAX II,Lunare Regale,white,marble,marmo,ajax-ii,lunare-regale,
BLACK CRYSTAL PATAGONIA,Polar Cristallo,white,quartzite,marmo,black-crystal-patagonia,polar-cristallo,
AVOCATUS,Emerald Gem,green,quartzite,marmo,avocatus,emerald-gem,
AMAZONITE,Malachite Gem,green,quartzite,marmo,amazonite,malachite-gem,
Crystal Onyx,Antico Opalino,unknown,unknown,marmo,crystal-onyx,antico-opalino,
Green Onyx (II),Heritage Opalino,unknown,unknown,marmo,green-onyx-ii,heritage-opalino,
Novana Travertine,Classic Prime,unknown,unknown,marmo,novana-travertine,classic-prime,
Santorini (III),Lusso Prime,unknown,unknown,marmo,santorini-iii,lusso-prime,
Santorini (I),Elegante Opulente,unknown,unknown,marmo,santorini-i,elegante-opulente,
Le Fiemma,Heritage Artisan,unknown,unknown,marmo,le-fiemma,heritage-artisan,
Zumaia Blue,Prestige Opulente,unknown,unknown,marmo,zumaia-blue,prestige-opulente,
Volupia,Antico Regal,unknown,unknown,marmo,volupia,antico-regal,
Crystal Tiffany,Classic Cristallo,unknown,unknown,marmo,crystal-tiffany,classic-cristallo,
Pandora,Grand Eccellente,unknown,unknown,marmo,pandora,grand-eccellente,
Aquarella,Nobile Pregiato,unknown,unknown,marmo,aquarella,nobile-pregiato,
Roma Imperial,Heritage Imperiale,unknown,unknown,marmo,roma-imperial,heritage-imperiale,
Tempest Green,Lusso Raffinato,unknown,unknown,marmo,tempest-green,lusso-raffinato,
Rosso Coral Quartzite,Lusso Corallo,unknown,unknown,marmo,rosso-coral-quartzite,lusso-corallo,
Chinese Mountain,Elegante Alpino,unknown,unknown,marmo,chinese-mountain,elegante-alpino,
Patagonia Green,Imperial Prestige II,unknown,unknown,marmo,patagonia-green,imperial-prestige-ii,
Volakas (ii),Nobile Grand II,unknown,unknown,marmo,volakas-ii,nobile-grand-ii,
Louis Blue,Regio Elite II,unknown,unknown,marmo,louis-blue,regio-elite-ii,
Fossil Black,Classic Fossile,unknown,unknown,marmo,fossil-black,classic-fossile,
3D Grey,Prestige Opulente II,unknown,unknown,marmo,3d-grey,prestige-opulente-ii,
SODALITE BLUE (ii),Celeste Facet,blue,quartzite,marmo,sodalite-blue-ii,celeste-facet,
MONTEBELLO,Mogano Radiant,brown,quartzite,marmo,montebello,mogano-radiant,
Tiger Onyx,Grano Opalino,yellow,onyx,marmo,tiger-onyx,grano-opalino,
Red Onyx,Rosso Opalino,red,onyx,marmo,red-onyx,rosso-opalino,
Orange Onyx,Copper Opalino,orange,onyx,marmo,orange-onyx,copper-opalino,
Onyx Travertine,Mocha Opalino,brown,onyx,marmo,onyx-travertine,mocha-opalino,
Honey Onyx,Citrine Opalino,yellow,onyx,marmo,honey-onyx,citrine-opalino,
Green Onyx (I),Sage Opalino,green,onyx,marmo,green-onyx-i,sage-opalino,
Crystal White Onyx,Snow Opalino,white,onyx,marmo,crystal-white-onyx,snow-opalino,
Blue Onyx,Lagoon Opalino,blue,onyx,marmo,blue-onyx,lagoon-opalino,
Blue Ice Onyx,Celeste Opalino,blue,onyx,marmo,blue-ice-onyx,celeste-opalino,
Aravali Onyx,Ardesia Opalino,grey,onyx,marmo,aravali-onyx,ardesia-opalino,
Silver Brown Travertine,Mocha Argento,brown,travertine,marmo,silver-brown-travertine,mocha-argento,
Yellow Travertine,Arancio Campestre,orange,travertine,marmo,yellow-travertine,arancio-campestre,
Walnut Travertine,Walnut Arcaico,brown,travertine,marmo,walnut-travertine,walnut-arcaico,
Dark Silver Travertine,Chestnut Argento,brown,travertine,marmo,dark-silver-travertine,chestnut-argento,
Red Travertine,Garnet Classico,red,travertine,marmo,red-travertine,garnet-classico,
Platinum Travertine,Teak Imperiale,brown,travertine,marmo,platinum-travertine,teak-imperiale,
Chestnut Travertine,Indigo Romano,blue,travertine,marmo,chestnut-travertine,indigo-romano,
Blue Ocean Travertine,Lagoon Oceano,blue,travertine,marmo,blue-ocean-travertine,lagoon-oceano,
Blue Travertine,Celeste Heritage,blue,travertine,marmo,blue-travertine,celeste-heritage,
Tiger Travertine,Marina Tigrato,blue,travertine,marmo,tiger-travertine,marina-tigrato,
Silver Travertine,Riflesso Argento,silver,travertine,marmo,silver-travertine,riflesso-argento,
Classico Travertine,Avorio Classico,cream,travertine,marmo,classico-travertine,avorio-classico,
Beige Travertine,Sand Antico,beige,travertine,marmo,beige-travertine,sand-antico,
Volga Blue,Obsidian Bedrock,black,granite,marmo,volga-blue,obsidian-bedrock,
Verde Uba Tuba,Malachite Massif,green,granite,marmo,verde-uba-tuba,malachite-massif,
Platinum Black,Carbon Crest,black,granite,marmo,platinum-black,carbon-crest,
Monte Carlo,Snow Upland,white,granite,marmo,monte-carlo,snow-upland,
Marisma,Malachite Plateau,green,granite,marmo,marisma,malachite-plateau,
Mari Blue,Celeste Tableland,blue,granite,marmo,mari-blue,celeste-tableland,
Labrador,Mogano Escarp,brown,granite,marmo,labrador,mogano-escarp,
Kashmir White,Lunare Cenere,white,granite,marmo,kashmir-white,lunare-cenere,
Juparana,Bianco Lusso,white,unknown,marmo,juparana,bianco-lusso,
Gran Delicatus,Ivory Ridge,cream,granite,marmo,gran-delicatus,ivory-ridge,
Emarald Pearl,Obsidian Perla,black,granite,marmo,emarald-pearl,obsidian-perla,
Black Galaxy,Eclipse Galattico,black,granite,marmo,black-galaxy,eclipse-galattico,
Black Cosmic,Ebano Summit,black,granite,marmo,black-cosmic,ebano-summit,
Verde Butterfly,Carbon Fastness,black,granite,marmo,verde-butterfly,carbon-fastness,
Viscont White,Ash Massif,grey,granite,marmo,viscont-white,ash-massif,
Via Lattea,Ebano Bedrock,black,granite,marmo,via-lattea,ebano-bedrock,
Titanium,Oscuro Radiant,black,quartzite,marmo,titanium,oscuro-radiant,
Maori,Abisso Crest,black,granite,marmo,maori,abisso-crest,
Lemurian Blue,Nero Upland,black,granite,marmo,lemurian-blue,nero-upland,
Gold Sparkles,Crystal Dorato,white,granite,marmo,gold-sparkles,crystal-dorato,
Delicatus,Vanilla Tableland,cream,granite,marmo,delicatus,vanilla-tableland,
Cosmic Silver,Eclipse Argento,black,granite,marmo,cosmic-silver,eclipse-argento,
Cosmic Gold,Carbon Dorato,black,granite,marmo,cosmic-gold,carbon-dorato,
Blue Pearl,Indigo Perla,blue,granite,marmo,blue-pearl,indigo-perla,
Azul Imperial,Ash Imperiale,grey,granite,marmo,azul-imperial,ash-imperiale,
Swizz Alps,Neve Prisma,white,quartzite,marmo,swizz-alps,neve-prisma,
Silver Silk,Cromo Argento,silver,quartzite,marmo,silver-silk,cromo-argento,
Patagonia Arancia,Castagno Fusion,brown,quartzite,marmo,patagonia-arancia,castagno-fusion,
Palladium Green,Verde Sparkle,green,quartzite,marmo,palladium-green,verde-sparkle,
Matrix,Storm Glimmer,grey,quartzite,marmo,matrix,storm-glimmer,
Matrix II,Slate Facet,grey,quartzite,marmo,matrix-ii,slate-facet,
Marine Blue,Pacific Oceano,blue,quartzite,marmo,marine-blue,pacific-oceano,
Marinace,Carbon Lumina,black,quartzite,marmo,marinace,carbon-lumina,
Joya Blue,Indigo Brillante,blue,quartzite,marmo,joya-blue,indigo-brillante,
Invisible Fantasy,Cenere Lumina,grey,quartzite,marmo,invisible-fantasy,cenere-lumina,
Iron Red,Pietra Risplendente,grey,quartzite,marmo,iron-red,pietra-risplendente,
Grey Fantasy,Ardesia Nitido,grey,quartzite,marmo,grey-fantasy,ardesia-nitido,
Green Turtle,Grand Scintilla,unknown,quartzite,marmo,green-turtle,grand-scintilla,
Cristallo,Bianco Cristallo,white,quartzite,marmo,cristallo,bianco-cristallo,
Calcite Azul,Sapphire Gem,blue,quartzite,marmo,calcite-azul,sapphire-gem,
Botanic Green,Jade Prisma,green,quartzite,marmo,botanic-green,jade-prisma,
Blue Roma,Lagoon Gem,blue,quartzite,marmo,blue-roma,lagoon-gem,
Bethany Blue,Celeste Prisma,blue,quartzite,marmo,bethany-blue,celeste-prisma,
Bamboo Green,Fern Bambuseto,green,quartzite,marmo,bamboo-green,fern-bambuseto,
Azul Macaubus,Lagoon Glimmer,blue,quartzite,marmo,azul-macaubus,lagoon-glimmer,
Amazonite Crystallo,Celeste Cristallo,blue,quartzite,marmo,amazonite-crystallo,celeste-cristallo,
Vibranium,Ardesia Radiant,grey,quartzite,marmo,vibranium,ardesia-radiant,
White Princess,Jade Facet,green,quartzite,marmo,white-princess,jade-facet,
White Macaubus,Bianco Brillante,white,quartzite,marmo,white-macaubus,bianco-brillante,
Tropical Storm,Midnight Tempesta,black,quartzite,marmo,tropical-storm,midnight-tempesta,
Taj Mahal (Nacarado),Slate Risplendente,grey,quartzite,marmo,taj-mahal-nacarado,slate-risplendente,
Super White,Smoke Supremo,grey,quartzite,marmo,super-white,smoke-supremo,
Sodalite Blue,Cobalt Scintilla,blue,quartzite,marmo,sodalite-blue,cobalt-scintilla,
Sequoia Brown,Chestnut Cristallo,brown,quartzite,marmo,sequoia-brown,chestnut-cristallo,
Santorini (II),Oceano Scintilla,blue,quartzite,marmo,santorini-ii,oceano-scintilla,
Santorini (I),Azzurro Cristallo,blue,quartzite,marmo,santorini-i,azzurro-cristallo,
River Blue,Marina Fluviale,blue,quartzite,marmo,river-blue,marina-fluviale,
Patagonia Rose,Fiorino Fusion,pink,quartzite,marmo,patagonia-rose,fiorino-fusion,
Patagonia Rose Crystallo,Rosa Cristallo,pink,quartzite,marmo,patagonia-rose-crystallo,rosa-cristallo,
Patagonia,Crystal Glimmer,white,quartzite,marmo,patagonia,crystal-glimmer,
Palomino,Mocha Facet,brown,quartzite,marmo,palomino,mocha-facet,
Mont Blanc,Alpine Radiant,white,quartzite,marmo,mont-blanc,alpine-radiant,
Moldavite,Sage Lumina,green,quartzite,marmo,moldavite,sage-lumina,
Michael Angelo,Marina Radiant,blue,quartzite,marmo,michael-angelo,marina-radiant,
Mappa Del Mondo,Prestige Opulente III,unknown,unknown,marmo,mappa-del-mondo,prestige-opulente-iii,
Crytos,Ebano Risplendente,black,quartzite,marmo,crytos,ebano-risplendente,
Tiffany Green,Smeraldo Risplendente,green,quartzite,marmo,tiffany-green,smeraldo-risplendente,
Copenhagen,Lunare Scintilla,white,quartzite,marmo,copenhagen,lunare-scintilla,
Copacabana,Smoke Vein,grey,quartzite,marmo,copacabana,smoke-vein,
Botanic Gold,Copper Dorato,orange,quartzite,marmo,botanic-gold,copper-dorato,
Brown Silk,Mocha Prisma,brown,quartzite,marmo,brown-silk,mocha-prisma,
Black Fantasy,Eclipse Vein,black,quartzite,marmo,black-fantasy,eclipse-vein,
Black Phatus,Carbon Fusion,black,quartzite,marmo,black-phatus,carbon-fusion,
Azul Bahia,Indigo Sparkle,blue,quartzite,marmo,azul-bahia,indigo-sparkle,
Azul Azurite,Bronze Glimmer,brown,quartzite,marmo,azul-azurite,bronze-glimmer,
Wenge,Noce Antico,brown,marble,marmo,wenge,noce-antico,
Verde Alpi,Bosco Lustro,green,marble,marmo,verde-alpi,bosco-lustro,
Verde Tropicus,Giada Regale,green,marble,marmo,verde-tropicus,giada-regale,
Verde Gianda,Verde Venato,green,marble,marmo,verde-gianda,verde-venato,
Verias Grey,Storm Magnifico,grey,marble,marmo,verias-grey,storm-magnifico,
Trambisera,Slate Imperiale,grey,marble,marmo,trambisera,slate-imperiale,
Thassos White,Pearl Magnifico,white,marble,marmo,thassos-white,pearl-magnifico,
Super White,Polar Supremo,white,marble,marmo,super-white,polar-supremo,
Sivec White,Snow Elegante,white,marble,marmo,sivec-white,snow-elegante,
Rosso Perlino,Powder Brillante,pink,marble,marmo,rosso-perlino,powder-brillante,
Palissandro Blue,Celeste Antico,blue,marble,marmo,palissandro-blue,celeste-antico,
Ombra Di Caravaggio,Ardesia Lustro,grey,marble,marmo,ombra-di-caravaggio,ardesia-lustro,
Macchia Vecchia,Arctic Antico,white,marble,marmo,macchia-vecchia,arctic-antico,
Lincoln White,Alpine Lustro,white,marble,marmo,lincoln-white,alpine-lustro,
Black Forest,Midnight Selvatico,black,marble,marmo,black-forest,midnight-selvatico,
Fushion,Aegean Risplendente,blue,quartzite,marmo,fushion,aegean-risplendente,
Golden Spider,Sahara Nobile,beige,marble,marmo,golden-spider,sahara-nobile,
Galaxy White (ii),Steel Galattico,grey,marble,marmo,galaxy-white-ii,steel-galattico,
Camellia Green,Bosco Nobile,green,marble,marmo,camellia-green,bosco-nobile,
Calacatta White,Pearl Calacatta,white,marble,marmo,calacatta-white,pearl-calacatta,
Calacatta Gold,Neve Calacatta,white,marble,marmo,calacatta-gold,neve-calacatta,
Calacatta Oro,Ghiaccio Calacatta,white,marble,marmo,calacatta-oro,ghiaccio-calacatta,
Breccia Oniciatta,Vanilla Imperiale,cream,marble,marmo,breccia-oniciatta,vanilla-imperiale,
Breccia Pernice,Smoke Classico,grey,marble,marmo,breccia-pernice,smoke-classico,
Breccia Nuvolato,Linen Supremo,cream,marble,marmo,breccia-nuvolato,linen-supremo,
Breccia Di Azul,Slate Antico,grey,marble,marmo,breccia-di-azul,slate-antico,
Breccia Aurora (II),Espresso Aurora,brown,marble,marmo,breccia-aurora-ii,espresso-aurora,
Breccia Aurora (I),Cobalt Aurora,blue,marble,marmo,breccia-aurora-i,cobalt-aurora,
Bianco Perlino,Snow Puro,white,marble,marmo,bianco-perlino,snow-puro,
Arabescato Vagli,Pearl Arabescato,white,marble,marmo,arabescato-vagli,pearl-arabescato,
Amarillo,Aureo Finissimo,yellow,marble,marmo,amarillo,aureo-finissimo,
Volakas Marble,Ghiaccio Nobile,white,marble,marmo,volakas-marble,ghiaccio-nobile,
Verde Levanto,Abisso Prezioso,black,marble,marmo,verde-levanto,abisso-prezioso,
Tuscan White,Bianco Venato,white,marble,marmo,tuscan-white,bianco-venato,
Grigio Pellini,Steel Prezioso,grey,marble,marmo,grigio-pellini,steel-prezioso,
Statuario White,Arctic Statuario,white,marble,marmo,statuario-white,arctic-statuario,
Statuerietto,Lunare Prezioso,white,marble,marmo,statuerietto,lunare-prezioso,
Statuario Carrara,Polar Carrara,white,marble,marmo,statuario-carrara,polar-carrara,
Silvabella Serpeggiante,Silver Elegante,grey,marble,marmo,silvabella-serpeggiante,silver-elegante,
Sahara Noir,Notturno Sahariano,black,marble,marmo,sahara-noir,notturno-sahariano,
Rosso Palissandro,Petalo Antico,pink,marble,marmo,rosso-palissandro,petalo-antico,
Rosso Orobico,Corallo Lustro,red,marble,marmo,rosso-orobico,corallo-lustro,
Rosso Levanto,Fiamma Regale,red,marble,marmo,rosso-levanto,fiamma-regale,
Portoro Gold,Nero Dorato,black,marble,marmo,portoro-gold,nero-dorato,
Polaris,Crystal Polare,white,marble,marmo,polaris,crystal-polare,
Palisandro,Petal Finissimo,pink,marble,marmo,palisandro,petal-finissimo,
Panda White,Ghiaccio Lustro,white,marble,marmo,panda-white,ghiaccio-lustro,
Obama,Teak Prezioso,brown,marble,marmo,obama,teak-prezioso,
Manhattan Grey,Silver Venato,grey,marble,marmo,manhattan-grey,silver-venato,
Grigio Carnico,Ash Magnifico,grey,marble,marmo,grigio-carnico,ash-magnifico,
Grey Saint Laurent,Pietra Imperiale,grey,marble,marmo,grey-saint-laurent,pietra-imperiale,
Grey Serpeggiante,Ardesia Classico,grey,marble,marmo,grey-serpeggiante,ardesia-classico,
Galaxy White,Lunare Galattico,white,marble,marmo,galaxy-white,lunare-galattico,
Forest Green,Verde Selvatico,green,marble,marmo,forest-green,verde-selvatico,
Forest Brown,Walnut Selvatico,brown,marble,marmo,forest-brown,walnut-selvatico,
Fior Di Bosco,Steel Supremo,grey,marble,marmo,fior-di-bosco,steel-supremo,
Fior De Pesco,Ash Brillante,grey,marble,marmo,fior-de-pesco,ash-brillante,
Daino,Linen Regale,cream,marble,marmo,daino,linen-regale,
Calcite Blue,Indigo Puro,blue,marble,marmo,calcite-blue,indigo-puro,
Crema Marfill,Candido Crema,cream,marble,marmo,crema-marfill,candido-crema,
Calacatta Viola,Alpine Calacatta,white,marble,marmo,calacatta-viola,alpine-calacatta,
Calacatta Bluetto,Marina Calacatta,blue,marble,marmo,calacatta-bluetto,marina-calacatta,
Calacatta Armani,Lunare Calacatta,white,marble,marmo,calacatta-armani,lunare-calacatta,
Brecia Macchia Vecchia,Grigio Venato,grey,marble,marmo,brecia-macchia-vecchia,grigio-venato,
Botticino Classico,Sand Botticino,beige,marble,marmo,botticino-classico,sand-botticino,
Nero Marquina,Obsidian Marquina,black,marble,marmo,nero-marquina,obsidian-marquina,
Bianco Venato,Alpine Venato,white,marble,marmo,bianco-venato,alpine-venato,
Bianco Carrara,Neve Carrara,white,marble,marmo,bianco-carrara,neve-carrara,
Bardiglio Carrara,Silver Carrara,grey,marble,marmo,bardiglio-carrara,silver-carrara,
Arabescato White,Lunare Arabescato,white,marble,marmo,arabescato-white,lunare-arabescato,
Arabescato Orobico,Pietra Arabescato,grey,marble,marmo,arabescato-orobico,pietra-arabescato,
Arabescato Corchia,Ghiaccio Arabescato,white,marble,marmo,arabescato-corchia,ghiaccio-arabescato,
Arabescato Carrara,Lunare Carrara,white,marble,marmo,arabescato-carrara,lunare-carrara,
Ajax (Volakas Gold),Bianco Dorato,white,marble,marmo,ajax-volakas-gold,bianco-dorato,
